,prompt,seed,artist
0,Mike Worrall,1793,Mike Worrall
1,Jon McCoy,4014,Jon McCoy
2,Carne Griffiths,1260,Carne Griffiths
3,Akos Major,4247,Akos Major
4,Warren Ellis,2284,Warren Ellis
5,Chuck Close,3564,Chuck Close
6,Thomas Struth,3877,Thomas Struth
7,Slim Aarons,4174,Slim Aarons
8,Aminollah Rezaei,1292,Aminollah Rezaei
9,Hans Baldung,4074,Hans Baldung
10,Don Maitz,4355,Don Maitz
11,Alessandro Barbucci,4471,Alessandro Barbucci
12,Herve Groussin,2467,Herve Groussin
13,Steve Argyle,2162,Steve Argyle
14,Takato Yamamoto,3245,Takato Yamamoto
15,Hiroshi Yoshida,2395,Hiroshi Yoshida
16,Wim Wenders,2074,Wim Wenders
17,Diego Rivera,2715,Diego Rivera
18,Vhils,3778,Vhils
19,Alexander Fedosav,3074,Alexander Fedosav
20,Ed Freeman,3828,Ed Freeman
21,Scott Naismith,4977,Scott Naismith
22,Igor Wolski,2997,Igor Wolski
23,Dunkelbunt Hundertwasser,2658,Dunkelbunt Hundertwasser
24,Guerrilla Girls,3790,Guerrilla Girls
25,Harry Clarke,740,Harry Clarke
26,Pascal Blanche,1080,Pascal Blanche
27,Charles Addams,4849,Charles Addams
28,Alpo Jaakola,2653,Alpo Jaakola
29,Glenn Fabry,94,Glenn Fabry
30,Irma Stern,839,Irma Stern
31,Tomasz Alen Kopera,1743,Tomasz Alen Kopera
32,Dean Ellis,253,Dean Ellis
33,Matias Hannecke,3099,Matias Hannecke
34,Marco Mazzoni,201,Marco Mazzoni
35,Andreas Vesalius,4031,Andreas Vesalius
36,Juan Gris,3067,Juan Gris
37,Brad Kunkle,384,Brad Kunkle
38,Mark Keathley,3095,Mark Keathley
39,Jamie Hewlett,199,Jamie Hewlett
40,Rafael Albuquerque,4629,Rafael Albuquerque
41,Nick Knight,4521,Nick Knight
42,Heinz Edelmann,3042,Heinz Edelmann
43,Saner Edgar,387,Saner Edgar
44,Ernst Haas,1732,Ernst Haas
45,Maria Pascual Alberich,2879,Maria Pascual Alberich
46,Frank Lloyd Wright,412,Frank Lloyd Wright
47,Kris Kuksi,3935,Kris Kuksi
48,Muxxi,4488,Muxxi
49,Claude Monet,555,Claude Monet
50,Albert Koetsier,2021,Albert Koetsier
51,Alice Bailly,1365,Alice Bailly
52,Patrick Woodroffe,4667,Patrick Woodroffe
53,Mary Cassatt,728,Mary Cassatt
54,Ron Mueck,4566,Ron Mueck
55,Evelyn De Morgan,674,Evelyn De Morgan
56,Jakub Różalski,776,Jakub Różalski
57,Auguste Herbin,1066,Auguste Herbin
58,Edgar Degas,4326,Edgar Degas
59,Ilya Repin,552,Ilya Repin
60,Anita Malfatti,4065,Anita Malfatti
61,Michal Karcz,1383,Michal Karcz
62,Dan Witz,3820,Dan Witz
63,Charline von Heyl,2602,Charline von Heyl
64,Kay Sage,3282,Kay Sage
65,Akira Toriyama,2293,Akira Toriyama
66,John French Sloan,2436,John French Sloan
67,Aaron Jasinski,4664,Aaron Jasinski
68,Victor Moscoso,4059,Victor Moscoso
69,Jorge Jacinto,889,Jorge Jacinto
70,Greg Simkins,4054,Greg Simkins
71,Bernardo Bellotto,2121,Bernardo Bellotto
72,Diane Dillon,1905,Diane Dillon
73,Brian Kesinger,4821,Brian Kesinger
74,Alfred Cheney Johnston,3215,Alfred Cheney Johnston
75,Kathryn Morris Trotter,4596,Kathryn Morris Trotter
76,Jeff Lemire,1085,Jeff Lemire
77,Julie Blackmon,4285,Julie Blackmon
78,Filippino Lippi,3581,Filippino Lippi
79,Samuel and Joseph Newsom,1071,Samuel and Joseph Newsom
80,Alois Arnegger,3125,Alois Arnegger
81,Edouard Manet,3048,Edouard Manet
82,Arthur Adams,1870,Arthur Adams
83,Patrick Dougherty,1588,Patrick Dougherty
84,Adriaen van Ostade,1995,Adriaen van Ostade
85,Marina Abramović,1094,Marina Abramović
86,Earl Norem,2362,Earl Norem
87,Everett Raymond Kinstler,754,Everett Raymond Kinstler
88,Agostino Tassi,4368,Agostino Tassi
89,Emma Geary,1198,Emma Geary
90,Rob Liefeld,1815,Rob Liefeld
91,Alfred Munnings,2707,Alfred Munnings
92,John Perceval,1030,John Perceval
93,John La Farge,3110,John La Farge
94,Mark Briscoe,493,Mark Briscoe
95,Sandy Skoglund,1035,Sandy Skoglund
96,Liam Wong,272,Liam Wong
97,Marianne von Werefkin,2045,Marianne von Werefkin
98,M.W. Kaluta,3768,M.W. Kaluta
99,Robert Hagan,4684,Robert Hagan
100,J. J. Grandville,2144,J. J. Grandville
101,Larry Sultan,3926,Larry Sultan
102,Valerie Hegarty,1310,Valerie Hegarty
103,Stanisław Szukalski,817,Stanisław Szukalski
104,Winsor McCay,4427,Winsor McCay
105,Alexej von Jawlensky,729,Alexej von Jawlensky
106,Susan Luo,1984,Susan Luo
107,Teophilus Tetteh,3124,Teophilus Tetteh
108,Dao Le Trong,2496,Dao Le Trong
109,Neil Boyle,3764,Neil Boyle
110,Alex Timmermans,1733,Alex Timmermans
111,David Aja,2478,David Aja
112,Barbara Hepworth,1270,Barbara Hepworth
113,Bartolome Esteban Murillo,2542,Bartolome Esteban Murillo
114,Zhichao Cai,572,Zhichao Cai
115,Albert Watson,101,Albert Watson
116,Alice Rahon,3773,Alice Rahon
117,Iryna Yermolova,4526,Iryna Yermolova
118,Grayson Perry,1523,Grayson Perry
119,Yang Jialun,812,Yang Jialun
120,Jun Kaneko,1776,Jun Kaneko
121,Alex Garant,4037,Alex Garant
122,Hirohiko Araki,2408,Hirohiko Araki
123,Doug Chiang,666,Doug Chiang
124,Jacob Lawrence,3958,Jacob Lawrence
125,Brian Oldham,1751,Brian Oldham
126,Jimmy Lawlor,3164,Jimmy Lawlor
127,Dorothea Tanning,3952,Dorothea Tanning
128,Sara Wollfalk,653,Sara Wollfalk
129,Grace Popp,420,Grace Popp
130,Bernie Wrightson,1946,Bernie Wrightson
131,Goro Fujita,4715,Goro Fujita
132,Amédée Guillemin,2229,Amédée Guillemin
133,Alain Laboile,3936,Alain Laboile
134,Anni Albers,1614,Anni Albers
135,Catrin Welz-Stein,3238,Catrin Welz-Stein
136,Gil Elvgren,4083,Gil Elvgren
137,Storm Thorgerson,2793,Storm Thorgerson
138,Emil Ferris,1639,Emil Ferris
139,Ralph Steadman,3093,Ralph Steadman
140,Clara Miller Burd,4247,Clara Miller Burd
141,Edward Atkinson Hornel,604,Edward Atkinson Hornel
142,Mead Schaeffer,2989,Mead Schaeffer
143,Billy Childish,2036,Billy Childish
144,Anthony Thieme,2472,Anthony Thieme
145,Albert Dubois-Pillet,3202,Albert Dubois-Pillet
146,Rayner Alencar,3873,Rayner Alencar
147,Beth Conklin,1249,Beth Conklin
148,Adrian Paul Allinson,3366,Adrian Paul Allinson
149,Virgil Finlay,3947,Virgil Finlay
150,Chris Leib,102,Chris Leib
151,Akseli Gallen-Kallela,466,Akseli Gallen-Kallela
152,Ruxing Gao,2131,Ruxing Gao
153,Anka Zhuravleva,750,Anka Zhuravleva
154,Agnes Martin,2996,Agnes Martin
155,David Shrigley,2319,David Shrigley
156,Jasmine Becket-Griffith,1224,Jasmine Becket-Griffith
157,Romero Britto,4030,Romero Britto
158,Honor C. Appleton,3914,Honor C. Appleton
159,Agnes Lawrence Pelton,4282,Agnes Lawrence Pelton
160,Anne Rothenstein,2334,Anne Rothenstein
161,Hou China,2536,Hou China
162,Nicholas Roerich,3215,Nicholas Roerich
163,Steve Henderson,1964,Steve Henderson
164,William Hogarth,4696,William Hogarth
165,Aristarkh Lentulov,3974,Aristarkh Lentulov
166,Eliott Lilly,2429,Eliott Lilly
167,tokyogenso,4202,tokyogenso
168,Zdzisław Beksiński,3370,Zdzisław Beksiński
169,Jean-Honoré Fragonard,774,Jean-Honoré Fragonard
170,Odilon Redon,4222,Odilon Redon
171,Shotaro Ishinomori,2655,Shotaro Ishinomori
172,Kevin Sloan,2848,Kevin Sloan
173,Keith Negley,576,Keith Negley
174,Franklin Booth,661,Franklin Booth
175,Yasushi Nirasawa,3438,Yasushi Nirasawa
176,Eugène Grasset,2879,Eugène Grasset
177,Tadao Ando,4196,Tadao Ando
178,Alson Skinner Clark,2946,Alson Skinner Clark
179,Jim Mahfood,3468,Jim Mahfood
180,Elenore Abbott,2345,Elenore Abbott
181,Ken Fairclough,3487,Ken Fairclough
182,Ai Weiwei,800,Ai Weiwei
183,Alejandro Jodorowsky,2897,Alejandro Jodorowsky
184,Matt Fraction,905,Matt Fraction
185,Peter Kemp,4634,Peter Kemp
186,Thomas Rowlandson,3411,Thomas Rowlandson
187,Igor Morski,4772,Igor Morski
188,Pixar,857,Pixar
189,Joe Madureira,807,Joe Madureira
190,Albert Edelfelt,3145,Albert Edelfelt
191,Marc Davis,1692,Marc Davis
192,Jean Marc Nattier,1707,Jean Marc Nattier
193,Dan Mumford,4227,Dan Mumford
194,Aaron Siskind,1301,Aaron Siskind
195,Pieter Bruegel The Elder,4132,Pieter Bruegel The Elder
196,Chris Turnham,2784,Chris Turnham
197,Lovis Corinth,4483,Lovis Corinth
198,Victor Nizovtsev,1658,Victor Nizovtsev
199,Douglas Smith,583,Douglas Smith
200,Tom Thomson,4361,Tom Thomson
201,Kelly Freas,4017,Kelly Freas
202,Alan Lee,2609,Alan Lee
203,Lucas Cranach the Elder,839,Lucas Cranach the Elder
204,Brandon Mably,1340,Brandon Mably
205,Mark Lovett,629,Mark Lovett
206,Kunisada,3667,Kunisada
207,Nagel Patrick,995,Nagel Patrick
208,Adam Elsheimer,1623,Adam Elsheimer
209,Peter Elson,2374,Peter Elson
210,Eduardo Kobra,4867,Eduardo Kobra
211,Ralph Horsley,4194,Ralph Horsley
212,Liubov Sergeevna Popova,325,Liubov Sergeevna Popova
213,Brian Mashburn,1408,Brian Mashburn
214,Ed Brubaker,884,Ed Brubaker
215,David Hockney,2267,David Hockney
216,Kitagawa Utamaro,236,Kitagawa Utamaro
217,Jimmy Ernst,4039,Jimmy Ernst
218,Brooke Shaden,1780,Brooke Shaden
219,Hethe Srodawa,3559,Hethe Srodawa
220,Martin Ansin,2240,Martin Ansin
221,Emilia Wilk,4626,Emilia Wilk
222,Albert Goodwin,2751,Albert Goodwin
223,Patrick Brown,4480,Patrick Brown
224,David Bomberg,4469,David Bomberg
225,Henri Matisse,4694,Henri Matisse
226,Julien Delval,558,Julien Delval
227,Jaume Plensa,3203,Jaume Plensa
228,John Wilhelm,3016,John Wilhelm
229,Otto Marseus van Schrieck,1950,Otto Marseus van Schrieck
230,Juergen Teller,335,Juergen Teller
231,Camille Walala,840,Camille Walala
232,August Sander,1873,August Sander
233,Nobuyoshi Araki,4748,Nobuyoshi Araki
234,Andrea Mantegna,3817,Andrea Mantegna
235,Adolf Hirémy-Hirschl,3861,Adolf Hirémy-Hirschl
236,Alfred Guillou,1299,Alfred Guillou
237,Thomas Dodd,196,Thomas Dodd
238,Michael Carson,4791,Michael Carson
239,Rumiko Takahashi,3762,Rumiko Takahashi
240,Abed Abdi,1195,Abed Abdi
241,Wassily Kandinsky,2462,Wassily Kandinsky
242,Anna Ancher,4979,Anna Ancher
243,Robert Irwin,4553,Robert Irwin
244,Mike Winkelmann (Beeple),3737,Mike Winkelmann (Beeple)
245,Hayv Kahraman,162,Hayv Kahraman
246,Frank Frazetta,2897,Frank Frazetta
247,Brooke DiDonato,1959,Brooke DiDonato
248,Scott Brundage,747,Scott Brundage
249,Antonio J. Manzanedo,1440,Antonio J. Manzanedo
250,Isaac Cordal,2511,Isaac Cordal
251,Jean-Baptiste Monge,2820,Jean-Baptiste Monge
252,Joe Webb,1216,Joe Webb
253,Berthe Morisot,3921,Berthe Morisot
254,Anton Domenico Gabbiani,3597,Anton Domenico Gabbiani
255,Peter Gric,3181,Peter Gric
256,Ching Yeh,795,Ching Yeh
257,Gustave Courbet,1313,Gustave Courbet
258,David Palumbo,834,David Palumbo
259,Tomer Hanuka,4638,Tomer Hanuka
260,Chris Cunningham,1549,Chris Cunningham
261,Bart Sears,3649,Bart Sears
262,Elizabeth Shippen Green,4597,Elizabeth Shippen Green
263,Quint Buchholz,1368,Quint Buchholz
264,Alexandre Calame,4508,Alexandre Calame
265,Malcolm Liepke,2451,Malcolm Liepke
266,Piet Mondrian,752,Piet Mondrian
267,Alex Figini,188,Alex Figini
268,Anja Percival,3504,Anja Percival
269,Milton Glaser,4948,Milton Glaser
270,Angela Barrett,438,Angela Barrett
271,Fenghua Zhong,1797,Fenghua Zhong
272,Ryan Hewett,2451,Ryan Hewett
273,Jean-Antoine Watteau,2247,Jean-Antoine Watteau
274,Ernst Fuchs,538,Ernst Fuchs
275,Algernon Blackwood,3352,Algernon Blackwood
276,Fernand Toussaint,1933,Fernand Toussaint
277,Jan van Kessel the Elder,4802,Jan van Kessel the Elder
278,Pieter Jansz Saenredam,4029,Pieter Jansz Saenredam
279,Emmanuelle Moureaux,2009,Emmanuelle Moureaux
280,Giotto Di Bondone,3561,Giotto Di Bondone
281,Skottie Young,3136,Skottie Young
282,Taiyō Matsumoto,3526,Taiyō Matsumoto
283,Roger Dean,512,Roger Dean
284,Sebastian Errazuriz,1602,Sebastian Errazuriz
285,Kengo Kuma,4141,Kengo Kuma
286,Daniel Clowes,3395,Daniel Clowes
287,Brian Sum,4964,Brian Sum
288,Andre Derain,2102,Andre Derain
289,Robert Vonnoh,4649,Robert Vonnoh
290,Carl Holsoe,2178,Carl Holsoe
291,Benedetto Caliari,2368,Benedetto Caliari
292,Arthur Boyd,305,Arthur Boyd
293,Jeff Koons,3875,Jeff Koons
294,Titian,2190,Titian
295,Brian K. Vaughan,1591,Brian K. Vaughan
296,Tim Doyle,3851,Tim Doyle
297,Sacha Goldberger,3706,Sacha Goldberger
298,Grace Cossington Smith,3175,Grace Cossington Smith
299,Boris Vallejo,1614,Boris Vallejo
300,Richard Corben,844,Richard Corben
301,Shintaro Kago,42,Shintaro Kago
302,Beeple,367,Beeple
303,Peter Wileman,3681,Peter Wileman
304,Anne Brigman,3387,Anne Brigman
305,Ambrosius Bosschaert,409,Ambrosius Bosschaert
306,Sean Yoro,4574,Sean Yoro
307,Wilfredo Lam,2949,Wilfredo Lam
308,Farel Dalrymple,681,Farel Dalrymple
309,Honoré Daumier,4376,Honoré Daumier
310,Simon Bisley,4621,Simon Bisley
311,Cassius Marcellus Coolidge,2747,Cassius Marcellus Coolidge
312,Tim Hildebrandt,1359,Tim Hildebrandt
313,Martiros Saryan,2309,Martiros Saryan
314,Alex Toth,1577,Alex Toth
315,Syd Mead,806,Syd Mead
316,Antonio Roybal,3994,Antonio Roybal
317,Nick Sharratt,3129,Nick Sharratt
318,Jean-Paul Riopelle,4585,Jean-Paul Riopelle
319,Rebecca Guay,3625,Rebecca Guay
320,Stan And Jan Berenstain,665,Stan And Jan Berenstain
321,Sonia Delaunay,2898,Sonia Delaunay
322,Matt Bors,4068,Matt Bors
323,Charles Schridde,1690,Charles Schridde
324,Salvador Dali,3693,Salvador Dali
325,teamLab,1835,teamLab
326,Charles Le Brun,3176,Charles Le Brun
327,Thomas W Schaller,2348,Thomas W Schaller
328,Howard Pyle,3258,Howard Pyle
329,Costa Dvorezky,70,Costa Dvorezky
330,Armand Point,2355,Armand Point
331,Don Bluth,4639,Don Bluth
332,Alan Moore,3924,Alan Moore
333,Clemens Ascher,1015,Clemens Ascher
334,Anton Pieck,3480,Anton Pieck
335,Meryl McMaster,3707,Meryl McMaster
336,Rockwell Kent,1509,Rockwell Kent
337,Arturo Souto,3378,Arturo Souto
338,David Bowie,1033,David Bowie
339,Bayard Wu,2568,Bayard Wu
340,Abraham Pether,3674,Abraham Pether
341,Qian Xuan,1778,Qian Xuan
342,Lawren Harris,923,Lawren Harris
343,Jamie McKelvie,34,Jamie McKelvie
344,Asher Brown Durand,513,Asher Brown Durand
345,Ub Iwerks,3775,Ub Iwerks
346,Andrew Wyeth,2051,Andrew Wyeth
347,Alice Neel,2682,Alice Neel
348,Pieter Aertsen,4172,Pieter Aertsen
349,Brian Stelfreeze,3753,Brian Stelfreeze
350,Bill Gekas,3812,Bill Gekas
351,Paula Modersohn-Becker,4184,Paula Modersohn-Becker
352,Ruan Jia,2267,Ruan Jia
353,Atay Ghailan,3812,Atay Ghailan
354,Mary Blair,317,Mary Blair
355,Edward Julius Detmold,4245,Edward Julius Detmold
356,Edwin Henry Landseer,1155,Edwin Henry Landseer
357,Kuang Hong,1080,Kuang Hong
358,Eric Wallis,1516,Eric Wallis
359,Mike Mignola,1506,Mike Mignola
360,James Paick,4903,James Paick
361,Marek Okon,1186,Marek Okon
362,Abbott Fuller Graves,3469,Abbott Fuller Graves
363,Gertrude Abercrombie,1037,Gertrude Abercrombie
364,Richard Lindner,3126,Richard Lindner
365,Hsiao-Ron Cheng,3489,Hsiao-Ron Cheng
366,Amy Sillman,1318,Amy Sillman
367,Lori Earley,3481,Lori Earley
368,Henry Moore,2094,Henry Moore
369,Yuri Ivanovich Pimenov,103,Yuri Ivanovich Pimenov
370,Jacques Le Moyne,2082,Jacques Le Moyne
371,Peter Doig,3422,Peter Doig
372,Robert M Cunningham,3942,Robert M Cunningham
373,László Moholy-Nagy,141,László Moholy-Nagy
374,Adrian Ghenie,3131,Adrian Ghenie
375,George French Angas,3743,George French Angas
376,Laurie Lipton,3886,Laurie Lipton
377,Howard Chandler Christy,3162,Howard Chandler Christy
378,Koson Ohara,2253,Koson Ohara
379,Pamela Colman Smith,2290,Pamela Colman Smith
380,Cory Loftis,914,Cory Loftis
381,Otto Dix,4374,Otto Dix
382,Richard Misrach,2180,Richard Misrach
383,Till Freitag,1689,Till Freitag
384,Octavio Ocampo,2923,Octavio Ocampo
385,Arnold Schoenberg,4974,Arnold Schoenberg
386,Klaus Wittmann,3418,Klaus Wittmann
387,Charles E. Burchfield,3528,Charles E. Burchfield
388,Quentin Tarantino,1644,Quentin Tarantino
389,Alberto Vargas,2524,Alberto Vargas
390,Tibor Nagy,4160,Tibor Nagy
391,Rafał Olbiński,4583,Rafał Olbiński
392,Roger de La Fresnaye,1930,Roger de La Fresnaye
393,Brothers Hildebrandt,2507,Brothers Hildebrandt
394,Mordecai Ardon,4462,Mordecai Ardon
395,Bojan Jevtic,692,Bojan Jevtic
396,Lee Krasner,4178,Lee Krasner
397,John Cassaday,3195,John Cassaday
398,Wayne Barlowe,508,Wayne Barlowe
399,Vivian Maier,1957,Vivian Maier
400,Abraham Mintchine,1965,Abraham Mintchine
401,Rodríguez ARS,3367,Rodríguez ARS
402,Al Capp,1588,Al Capp
403,Andre Kohn,1277,Andre Kohn
404,John Anster Fitzgerald,3569,John Anster Fitzgerald
405,Martin Deschambault,2743,Martin Deschambault
406,Ed Benedict,3508,Ed Benedict
407,Alena Aenami,582,Alena Aenami
408,Carel Willink,3299,Carel Willink
409,Arthur Lismer,3393,Arthur Lismer
410,Akihiko Yoshida,2268,Akihiko Yoshida
411,Frida Kahlo,3216,Frida Kahlo
412,Alex Prager,4168,Alex Prager
413,Martin John Heade,1840,Martin John Heade
414,Brent Cotton,4209,Brent Cotton
415,Augustus Edwin Mulready,3060,Augustus Edwin Mulready
416,Greg Rutkowski,3448,Greg Rutkowski
417,Eric Fischl,2719,Eric Fischl
418,Marius Borgeaud,2809,Marius Borgeaud
419,Bordalo II,2103,Bordalo II
420,Satoshi Kon,4536,Satoshi Kon
421,Max Beckmann,2828,Max Beckmann
422,Vincent Van Gogh,1069,Vincent Van Gogh
423,Edward Hopper,1760,Edward Hopper
424,Richard Scarry,4705,Richard Scarry
425,Diego Dayer,3779,Diego Dayer
426,Jeffrey T. Larson,3853,Jeffrey T. Larson
427,David Burliuk,3006,David Burliuk
428,Jef Wu,3253,Jef Wu
429,Tokujin Yoshioka,3302,Tokujin Yoshioka
430,Clive Madgwick,2902,Clive Madgwick
431,Ford Madox Brown,3079,Ford Madox Brown
432,Jeff Easley,2434,Jeff Easley
433,Laurent Grasso,1381,Laurent Grasso
434,Eileen Agar,4937,Eileen Agar
435,Gordon Parks,685,Gordon Parks
436,Ray Caesar,3961,Ray Caesar
437,Annie Soudain,2097,Annie Soudain
438,Tyler West,3337,Tyler West
439,Walt Kelly,1434,Walt Kelly
440,Frederick McCubbin,2452,Frederick McCubbin
441,Henri Fantin Latour,4237,Henri Fantin Latour
442,Jack Gaughan,4929,Jack Gaughan
443,Robert Motherwell,3273,Robert Motherwell
444,Maginel Wright Enright Barney,431,Maginel Wright Enright Barney
445,Victor Vasarely,3654,Victor Vasarely
446,Raja Ravi Varma,283,Raja Ravi Varma
447,Ben Aronson,4567,Ben Aronson
448,Jamini Roy,1877,Jamini Roy
449,Henry Moret,2468,Henry Moret
450,Allen Williams,1833,Allen Williams
451,John James Audubon,2238,John James Audubon
452,Jean Arp,2677,Jean Arp
453,Anna and Elena Balbusso,3753,Anna and Elena Balbusso
454,Wendy Froud,538,Wendy Froud
455,Dante Gabriel Rossetti,1178,Dante Gabriel Rossetti
456,Larry Elmore,574,Larry Elmore
457,Anton Otto Fischer,3142,Anton Otto Fischer
458,Marianne North,1042,Marianne North
459,George Luks,4527,George Luks
460,Ferdinand Knab,48,Ferdinand Knab
461,Lee Madgwick,4131,Lee Madgwick
462,Daniel Buren,393,Daniel Buren
463,Ludwig Mies van der Rohe,1039,Ludwig Mies van der Rohe
464,Archibald Thorburn,2975,Archibald Thorburn
465,Boris Grigoriev,821,Boris Grigoriev
466,F Scott Hess,1386,F Scott Hess
467,Odd Nerdrum,3503,Odd Nerdrum
468,William Blake,1983,William Blake
469,Aggi Erguna,4737,Aggi Erguna
470,Amir Zand,1625,Amir Zand
471,Elaine de Kooning,1399,Elaine de Kooning
472,Adonna Khare,364,Adonna Khare
473,Ai Yazawa,1344,Ai Yazawa
474,Istvan Banyai,4524,Istvan Banyai
475,Rene Laloux,452,Rene Laloux
476,Will Eisner,4334,Will Eisner
477,Kehinde Wiley,4534,Kehinde Wiley
478,Jean Jullien,2018,Jean Jullien
479,Tan Zhi Hui,529,Tan Zhi Hui
480,Arthur Garfield Dove,2330,Arthur Garfield Dove
481,Jean Bourdichon,3083,Jean Bourdichon
482,RETNA (Marquis Lewis),4220,RETNA (Marquis Lewis)
483,Yves Tanguy,4770,Yves Tanguy
484,Shepard Fairey,4397,Shepard Fairey
485,Michael Heizer,2121,Michael Heizer
486,Tony Moore,641,Tony Moore
487,Sean Scully,2992,Sean Scully
488,Adi Granov,401,Adi Granov
489,Jane Newland,2325,Jane Newland
490,Bruce Munro,3137,Bruce Munro
491,Ivan Bilibin,2311,Ivan Bilibin
492,Elsa Beskow,4292,Elsa Beskow
493,Gwenda Morgan,1330,Gwenda Morgan
494,Heinrich Lefler,1982,Heinrich Lefler
495,Siya Oum,1687,Siya Oum
496,Carl Barks,2443,Carl Barks
497,Phil Noto,979,Phil Noto
498,William Kentridge,3166,William Kentridge
499,James Montgomery Flagg,2743,James Montgomery Flagg
500,Aleksey Savrasov,1206,Aleksey Savrasov
501,Daryl Mandryk,1312,Daryl Mandryk
502,Thomas Visscher,3238,Thomas Visscher
503,Grant Wood,2324,Grant Wood
504,Anne-Louis Girodet,1310,Anne-Louis Girodet
505,Takeshi Obata,4811,Takeshi Obata
506,Ernest Crichlow,4665,Ernest Crichlow
507,Robert Antoine Pinchon,806,Robert Antoine Pinchon
508,Zack Snyder,3614,Zack Snyder
509,Blek Le Rat,3498,Blek Le Rat
510,James Jean,1988,James Jean
511,Os Gemeos,589,Os Gemeos
512,Walter Percy Day,117,Walter Percy Day
513,Erich Heckel,2448,Erich Heckel
514,Gerald Brom,1295,Gerald Brom
515,Jessica Woulfe,3493,Jessica Woulfe
516,André Masson,1642,André Masson
517,Sue Bryce,2255,Sue Bryce
518,James Tissot,2191,James Tissot
519,Jack Kirby,1285,Jack Kirby
520,Thornton Oakley,198,Thornton Oakley
521,Lisa Keene,53,Lisa Keene
522,Briton Rivière,863,Briton Rivière
523,Alphonse Mucha,3400,Alphonse Mucha
524,Alyssa Monks,1585,Alyssa Monks
525,Francisco De Goya,2732,Francisco De Goya
526,Nicola Samori,1393,Nicola Samori
527,Dr. Seuss,4119,Dr. Seuss
528,H.P. Lovecraft,95,H.P. Lovecraft
529,Walter Langley,4500,Walter Langley
530,Kim Jung Gi,2019,Kim Jung Gi
531,Jeffrey Smith art,15,Jeffrey Smith art
532,Sparth,4697,Sparth
533,Darwyn Cooke,1402,Darwyn Cooke
534,Rudolf Freund,1528,Rudolf Freund
535,Edward Weston,2183,Edward Weston
536,Paul Barson,3600,Paul Barson
537,Berndnaut Smilde,1917,Berndnaut Smilde
538,Jamie Baldridge,3543,Jamie Baldridge
539,Craig Mullins,1102,Craig Mullins
540,John Hoyland,4034,John Hoyland
541,Anna Bocek,4102,Anna Bocek
542,Antoine Verney-Carron,3790,Antoine Verney-Carron
543,Agnes Cecile,1841,Agnes Cecile
544,Juliana Huxtable,2779,Juliana Huxtable
545,Charles Angrand,1381,Charles Angrand
546,Pierre Bonnard,2189,Pierre Bonnard
547,Antonio Canova,3826,Antonio Canova
548,Sou Fujimoto,4097,Sou Fujimoto
549,Julie Mehretu,4090,Julie Mehretu
550,Russell Ayto,2601,Russell Ayto
551,Gustave Doré,923,Gustave Doré
552,Wojciech Ostrycharz,4411,Wojciech Ostrycharz
553,Miho Hirano,4954,Miho Hirano
554,Santiago Calatrava,4377,Santiago Calatrava
555,Jeff Legg,2772,Jeff Legg
556,JennyBird Alcantara,1480,JennyBird Alcantara
557,Richard Diebenkorn,2908,Richard Diebenkorn
558,Auguste Toulmouche,1722,Auguste Toulmouche
559,Ollie Hoff,3766,Ollie Hoff
560,James Gillray,1415,James Gillray
561,Andy Fairhurst,3487,Andy Fairhurst
562,Gerhard Munthe,356,Gerhard Munthe
563,Albert Tucker,2557,Albert Tucker
564,Alfred Kelsner,1943,Alfred Kelsner
565,Paul Gustav Fischer,3814,Paul Gustav Fischer
566,Hikari Shimoda,518,Hikari Shimoda
567,Tyler Edlin,3379,Tyler Edlin
568,Frank Xavier Leyendecker,3490,Frank Xavier Leyendecker
569,Asaf Hanuka,3398,Asaf Hanuka
570,Barthel Bruyn the Younger,3903,Barthel Bruyn the Younger
571,Kevin Gnutzmans,4060,Kevin Gnutzmans
572,Alessio Albi,4590,Alessio Albi
573,Candido Portinari,1650,Candido Portinari
574,Mark Seliger,3132,Mark Seliger
575,Maximilian Pirner,3222,Maximilian Pirner
576,Thomas Cole,4537,Thomas Cole
577,Jacob Hashimoto,3865,Jacob Hashimoto
578,Jeannette Guichard-Bunel,3328,Jeannette Guichard-Bunel
579,Lady Pink,2713,Lady Pink
580,Stuart Haygarth,3436,Stuart Haygarth
581,Jason Chan,236,Jason Chan
582,Gabriel Dawe,2184,Gabriel Dawe
583,John Berkey,320,John Berkey
584,Robert Farkas,3831,Robert Farkas
585,Alvin Langdon Coburn,2109,Alvin Langdon Coburn
586,Camille Corot,3880,Camille Corot
587,Chris Uminga,2219,Chris Uminga
588,Dorina Costras,4579,Dorina Costras
589,Frank Tinsley,600,Frank Tinsley
590,Louis Rhead,1077,Louis Rhead
591,Yasuo Kuniyoshi,1328,Yasuo Kuniyoshi
592,Rebecca Sugar,4509,Rebecca Sugar
593,Richard McGuire,3496,Richard McGuire
594,Barbara Stauffacher Solomon,2138,Barbara Stauffacher Solomon
595,Gwen John,129,Gwen John
596,Richard Burlet,105,Richard Burlet
597,Bob Byerley,1983,Bob Byerley
598,Thomas Saliot,1136,Thomas Saliot
599,Phil Koch,2985,Phil Koch
600,Natalia Goncharova,747,Natalia Goncharova
601,Stanislav Poltavsky,2346,Stanislav Poltavsky
602,Artemisia Gentileschi,915,Artemisia Gentileschi
603,Amiet Cuno,4942,Amiet Cuno
604,Bo Chen,4616,Bo Chen
605,Ivan Aivazovsky,97,Ivan Aivazovsky
606,Marc Chagall,2082,Marc Chagall
607,Lyonel Feininger,2642,Lyonel Feininger
608,Jean Giraud,397,Jean Giraud
609,Bernardo Strozzi,1628,Bernardo Strozzi
610,Daniel Merriam,503,Daniel Merriam
611,Barclay Shaw,3211,Barclay Shaw
612,Martine Johanna,950,Martine Johanna
613,Cliff Chiang,768,Cliff Chiang
614,Victor Adame Minguez,3666,Victor Adame Minguez
615,Johannes Vermeer,286,Johannes Vermeer
616,OSGEMEOS,2902,OSGEMEOS
617,Raffaello Sanizo,1061,Raffaello Sanizo
618,Henri Rousseau,3796,Henri Rousseau
619,Bakemono Zukushi,1137,Bakemono Zukushi
620,Max Pechstein,1008,Max Pechstein
621,Chris Ofili,2076,Chris Ofili
622,Tristan Eaton,95,Tristan Eaton
623,Ossip Zadkine,1782,Ossip Zadkine
624,Andrzej Sykut,2114,Andrzej Sykut
625,Tom Bagshaw,1732,Tom Bagshaw
626,El Greco,878,El Greco
627,Alfred Henry Maurer,1458,Alfred Henry Maurer
628,Enki Bilal,4210,Enki Bilal
629,Terada Katsuya,140,Terada Katsuya
630,NC Wyeth,348,NC Wyeth
631,Barry McGee,4518,Barry McGee
632,Art Frahm,3792,Art Frahm
633,Alan Schaller,3937,Alan Schaller
634,Kilian Eng,1509,Kilian Eng
635,Jean-Léon Gérôme,128,Jean-Léon Gérôme
636,Dorothy Lathrop,4749,Dorothy Lathrop
637,Kitty Lange Kielland,1704,Kitty Lange Kielland
638,Jim Woodring,3781,Jim Woodring
639,Joey Chou,4782,Joey Chou
640,Beauford Delaney,1056,Beauford Delaney
641,Charles Liu,3658,Charles Liu
642,Genndy Tartakovsky,1642,Genndy Tartakovsky
643,Klaus Janson,474,Klaus Janson
644,Ohara Koson,936,Ohara Koson
645,Aron Demetz,1008,Aron Demetz
646,Roger Ballen,1603,Roger Ballen
647,Ernst Ludwig Kirchner,2380,Ernst Ludwig Kirchner
648,Julian Calle,236,Julian Calle
649,Bill Carman,129,Bill Carman
650,Joe Fenton,3025,Joe Fenton
651,Pieter Claesz,2351,Pieter Claesz
652,James Gilleard,4473,James Gilleard
653,Anton Semenov,3176,Anton Semenov
654,Alexander McQueen,2183,Alexander McQueen
655,Michael Deforge,829,Michael Deforge
656,Samuel Earp,4426,Samuel Earp
657,Alex Horley,2583,Alex Horley
658,Fang Lijun,1265,Fang Lijun
659,Terry Oakes,3393,Terry Oakes
660,Paul Chadeisson,455,Paul Chadeisson
661,Flora Borsi,124,Flora Borsi
662,Aykut Aydogdu,254,Aykut Aydogdu
663,Josephine Wall,2159,Josephine Wall
664,David Lynch,1529,David Lynch
665,Cicely Mary Barker,1400,Cicely Mary Barker
666,Liu Ye,974,Liu Ye
667,Giovanni Battista Bracelli,1798,Giovanni Battista Bracelli
668,Jovana Rikalo,3226,Jovana Rikalo
669,Bridget Bate Tichenor,2030,Bridget Bate Tichenor
670,Ul Di Rico,3317,Ul Di Rico
671,Andy Goldsworthy,1107,Andy Goldsworthy
672,Cagnaccio Di San Pietro,1276,Cagnaccio Di San Pietro
673,Alex Howitt,4360,Alex Howitt
674,Jeff Simpson,760,Jeff Simpson
675,James C Christensen,3738,James C Christensen
676,Alex Hirsch,4841,Alex Hirsch
677,David McClellan,98,David McClellan
678,Laurel Burch,782,Laurel Burch
679,Alex Schomburg,1243,Alex Schomburg
680,Heinrich Kley,4455,Heinrich Kley
681,Shusei Nagaoko,1328,Shusei Nagaoko
682,Fernand Khnopff,2164,Fernand Khnopff
683,Albert Bloch,1785,Albert Bloch
684,Alan Parry,2526,Alan Parry
685,Antonio Mora,2516,Antonio Mora
686,Craig Wylie,2663,Craig Wylie
687,Max Weber,754,Max Weber
688,Amanda Clark,1924,Amanda Clark
689,Scott Listfield,4225,Scott Listfield
690,Aquirax Uno,4388,Aquirax Uno
691,Joseph Cornell,2750,Joseph Cornell
692,Kapwani Kiwanga,2095,Kapwani Kiwanga
693,Auguste Mambour,2936,Auguste Mambour
694,Georges de La Tour,1068,Georges de La Tour
695,John Singer Sargent,256,John Singer Sargent
696,Samuel Melton Fisher,3005,Samuel Melton Fisher
697,Frits Van den Berghe,4455,Frits Van den Berghe
698,Frank Stella,600,Frank Stella
699,Iain Faulkner,2170,Iain Faulkner
700,John Duncan,3557,John Duncan
701,Faith Ringgold,3842,Faith Ringgold
702,William S. Burroughs,585,William S. Burroughs
703,John Constable,3500,John Constable
704,Bryan Hitch,3517,Bryan Hitch
705,Nathan Wirth,4944,Nathan Wirth
706,Anne Packard,542,Anne Packard
707,Robert Rauschenberg,1757,Robert Rauschenberg
708,Tomi Ungerer,4143,Tomi Ungerer
709,Balthus,1828,Balthus
710,Élisabeth Vigée Le Brun,898,Élisabeth Vigée Le Brun
711,Stephen Shore,4953,Stephen Shore
712,Norman Rockwell,4711,Norman Rockwell
713,Antony Gormley,4517,Antony Gormley
714,George Stubbs,1145,George Stubbs
715,Arthur Dove,2687,Arthur Dove
716,Shinji Aramaki,1723,Shinji Aramaki
717,Ryan McGinley,3959,Ryan McGinley
718,Karl Blossfeldt,3976,Karl Blossfeldt
719,Etel Adnan,598,Etel Adnan
720,Georges Seurat,4809,Georges Seurat
721,Judy Chicago,685,Judy Chicago
722,Al Feldstein,458,Al Feldstein
723,Igor Zenin,4059,Igor Zenin
724,Georges Rouault,4342,Georges Rouault
725,Paulus Potter,3052,Paulus Potter
726,Adam Paquette,4801,Adam Paquette
727,Maximilien Luce,3596,Maximilien Luce
728,Camille Pissarro,3069,Camille Pissarro
729,Alex Gross,3871,Alex Gross
730,David Finch,2535,David Finch
731,Wolf Kahn,2392,Wolf Kahn
732,Victor Medina,1533,Victor Medina
733,Austin Osman Spare,2010,Austin Osman Spare
734,Marie Guillemine Benoist,1199,Marie Guillemine Benoist
735,Affandi,3479,Affandi
736,Carl Spitzweg,4364,Carl Spitzweg
737,Edward Steichen,3235,Edward Steichen
738,Artgerm,4101,Artgerm
739,Mikhail Larionov,193,Mikhail Larionov
740,Noelle Stevenson,4961,Noelle Stevenson
741,Kelly Mckernan,4874,Kelly Mckernan
742,Thomas Moran,4456,Thomas Moran
743,Gianluca Foli,4326,Gianluca Foli
744,Loish,2171,Loish
745,Daniel Ridgway Knight,2637,Daniel Ridgway Knight
746,Charles-Francois Daubigny,1943,Charles-Francois Daubigny
747,Chris Van Allsburg,3632,Chris Van Allsburg
748,Gregory Crewdson,2112,Gregory Crewdson
749,George Tooker,690,George Tooker
750,Ross Tran,3841,Ross Tran
751,Glen Orbik,2488,Glen Orbik
752,Antoine Blanchard,3030,Antoine Blanchard
753,Arnold Böcklin,3141,Arnold Böcklin
754,Constant Permeke,4890,Constant Permeke
755,Mikko Lagerstedt,1519,Mikko Lagerstedt
756,Alex Maleev,2540,Alex Maleev
757,Tim Burton,4247,Tim Burton
758,Tony DiTerlizzi,378,Tony DiTerlizzi
759,Dan Flavin,2340,Dan Flavin
760,Ronald Balfour,303,Ronald Balfour
761,Robert Chew,3511,Robert Chew
762,Jacques Nathan-Garamond,1707,Jacques Nathan-Garamond
763,Susan Seddon Boulet,280,Susan Seddon Boulet
764,Donato Giancola,1756,Donato Giancola
765,Jhonen Vasquez,4045,Jhonen Vasquez
766,Charles Dana Gibson,3463,Charles Dana Gibson
767,Charles Blackman,3018,Charles Blackman
768,Henri-Edmond Cross,3331,Henri-Edmond Cross
769,M.C. Escher,1839,M.C. Escher
770,JC Leyendecker,4492,JC Leyendecker
771,Thomas Allom,563,Thomas Allom
772,Adrian Tomine,31,Adrian Tomine
773,Edwin Austin Abbey,813,Edwin Austin Abbey
774,Andy Kehoe,1981,Andy Kehoe
775,Sofonisba Anguissola,3822,Sofonisba Anguissola
776,Gordon Browne,2269,Gordon Browne
777,Mike Mayhew,992,Mike Mayhew
778,Arik Brauer,4351,Arik Brauer
779,Robert McCall,560,Robert McCall
780,J.C. Leyendecker,1543,J.C. Leyendecker
781,Jules Bastien-Lepage,2657,Jules Bastien-Lepage
782,Georg Jensen,471,Georg Jensen
783,Carl Larsson,3026,Carl Larsson
784,Dave Gibbons,901,Dave Gibbons
785,Hope Gangloff,4863,Hope Gangloff
786,Grandma Moses,4398,Grandma Moses
787,Alfred Heber Hutty,4853,Alfred Heber Hutty
788,Harriet Backer,1089,Harriet Backer
789,Anne Stokes,4957,Anne Stokes
790,Frederick Lord Leighton,2830,Frederick Lord Leighton
791,Ingrid Baars,3305,Ingrid Baars
792,Jesper Ejsing,195,Jesper Ejsing
793,Robert Childress,185,Robert Childress
794,Alex Petruk,4895,Alex Petruk
795,Rebecca Louise Law,2970,Rebecca Louise Law
796,Frank Auerbach,4441,Frank Auerbach
797,Joseph Ducreux,2467,Joseph Ducreux
798,Leonora Carrington,1055,Leonora Carrington
799,Ben Hatke,45,Ben Hatke
800,Jim Davis,4363,Jim Davis
801,Eiichiro Oda,1257,Eiichiro Oda
802,Adriaen van Outrecht,130,Adriaen van Outrecht
803,Andrew Ferez,3164,Andrew Ferez
804,Tsutomu Nihei,4565,Tsutomu Nihei
805,Johann Wolfgang von Goethe,211,Johann Wolfgang von Goethe
806,Ian McQue,4383,Ian McQue
807,Anatoly Metlan,1093,Anatoly Metlan
808,William Morris,238,William Morris
809,Vittorio Matteo Corcos,4438,Vittorio Matteo Corcos
810,Norman Ackroyd,4682,Norman Ackroyd
811,Frederic Church,1702,Frederic Church
812,Les Edwards,701,Les Edwards
813,Olga Skomorokhova,749,Olga Skomorokhova
814,Alayna Lemmer,771,Alayna Lemmer
815,Kazimir Malevich,91,Kazimir Malevich
816,Joachim Brohm,851,Joachim Brohm
817,Josan Gonzalez,1520,Josan Gonzalez
818,E. H. Shepard,4573,E. H. Shepard
819,Paolo Roversi,4926,Paolo Roversi
820,Piet Hein Eek,2640,Piet Hein Eek
821,Apollinary Vasnetsov,2378,Apollinary Vasnetsov
822,Jean Dubuffet,4103,Jean Dubuffet
823,Benoit B. Mandelbrot,1841,Benoit B. Mandelbrot
824,Mab Graves,4510,Mab Graves
825,Bojan Koturanovic,3544,Bojan Koturanovic
826,Käthe Kollwitz,0,Käthe Kollwitz
827,Noah Bradley,525,Noah Bradley
828,Kadir Nelson,2108,Kadir Nelson
829,Brian Froud,969,Brian Froud
830,Rodney Matthews,4937,Rodney Matthews
831,Giovanni da Udina,958,Giovanni da Udina
832,Albert Marquet,3839,Albert Marquet
833,Vito Acconci,4854,Vito Acconci
834,Diane Arbus,4373,Diane Arbus
835,Gustav Klimt,1245,Gustav Klimt
836,Ary Scheffer,909,Ary Scheffer
837,Craig Davison,488,Craig Davison
838,Marcus Selmer,2648,Marcus Selmer
839,Bella Kotak,4216,Bella Kotak
840,Marcin Jakubowski,3065,Marcin Jakubowski
841,Andreas Rocha,2653,Andreas Rocha
842,Vincent Tanguay,2184,Vincent Tanguay
843,Alan Kenny,3392,Alan Kenny
844,Paul Cézanne,4793,Paul Cézanne
845,Zinaida Serebriakova,585,Zinaida Serebriakova
846,Luis Royo,2955,Luis Royo
847,Franz Marc,1328,Franz Marc
848,Olivier Bonhomme,1451,Olivier Bonhomme
849,Chaïm Soutine,1912,Chaïm Soutine
850,Thomas Gainsborough,3478,Thomas Gainsborough
851,Armand Guillaumin,4119,Armand Guillaumin
852,Claude Cahun,3269,Claude Cahun
853,Guy Billout,904,Guy Billout
854,Guo Pei,1472,Guo Pei
855,Alfredo Jaar,3161,Alfredo Jaar
856,Anna Dittmann,113,Anna Dittmann
857,Yanjun Cheng,4048,Yanjun Cheng
858,David B. Mattingly,347,David B. Mattingly
859,Bert Stern,2576,Bert Stern
860,Randolph Caldecott,1935,Randolph Caldecott
861,Alan Davis,76,Alan Davis
862,Esao Andrews,551,Esao Andrews
863,Alexandre Benois,1329,Alexandre Benois
864,Clyde Caldwell,253,Clyde Caldwell
865,Liang Mark,1223,Liang Mark
866,Viktor Vasnetsov,4089,Viktor Vasnetsov
867,Asger Jorn,1772,Asger Jorn
868,Jeremy Geddes,2414,Jeremy Geddes
869,Antanas Sutkus,4610,Antanas Sutkus
870,Roy Lichtenstein,2449,Roy Lichtenstein
871,Alexey Kurbatov,4631,Alexey Kurbatov
872,Bruno Munari,3572,Bruno Munari
873,Benedick Bana,756,Benedick Bana
874,George Lucas,1239,George Lucas
875,Mat Collishaw,2288,Mat Collishaw
876,Jerry Pinkney,4032,Jerry Pinkney
877,Donald Judd,1203,Donald Judd
878,John Wayne Gacy,4056,John Wayne Gacy
879,Ben Wooten,3557,Ben Wooten
880,NHK Animation,4349,NHK Animation
881,André Lhote,179,André Lhote
882,Steve Dillon,2225,Steve Dillon
883,Dick Bickenbach,3610,Dick Bickenbach
884,Edward Gorey,4432,Edward Gorey
885,Ken Sugimori,4375,Ken Sugimori
886,Magnus Enckell,1750,Magnus Enckell
887,Hasui Kawase,3841,Hasui Kawase
888,John Lavery,2084,John Lavery
889,Bill Watterson,4503,Bill Watterson
890,Hubert Robert,506,Hubert Robert
891,John Bauer,984,John Bauer
892,Jason A. Engle,1770,Jason A. Engle
893,Arnold Bocklin,4887,Arnold Bocklin
894,theCHAMBA,363,theCHAMBA
895,Ralph McQuarrie,834,Ralph McQuarrie
896,Chris Ware,1365,Chris Ware
897,Albert Servaes,2983,Albert Servaes
898,Lynd Ward,2071,Lynd Ward
899,Robert Maguire,1362,Robert Maguire
900,Francisco Martín,1472,Francisco Martín
901,George Inness,4492,George Inness
902,Peter Mohrbacher,979,Peter Mohrbacher
903,Tari Márk Dávid,3544,Tari Márk Dávid
904,Alex Russell Flint,3031,Alex Russell Flint
905,Roy Gjertson,4462,Roy Gjertson
906,Nele Zirnite,1473,Nele Zirnite
907,Raphael Lacoste,2838,Raphael Lacoste
908,Damien Hirst,21,Damien Hirst
909,Hanna-Barbera,3830,Hanna-Barbera
910,William Steig,1087,William Steig
911,Ted Wallace,4130,Ted Wallace
912,Boris Kustodiev,4264,Boris Kustodiev
913,Artem Chebokha,3770,Artem Chebokha
914,Joseph Mallord William Turner,399,Joseph Mallord William Turner
915,Philippe Parreno,3998,Philippe Parreno
916,Barthel Bruyn the Elder,4581,Barthel Bruyn the Elder
917,Todd Schorr,2796,Todd Schorr
918,Pierre Puvis de Chavannes,2760,Pierre Puvis de Chavannes
919,Joaquín Sorolla,2148,Joaquín Sorolla
920,Clovis Trouille,4000,Clovis Trouille
921,Peter Paul Rubens,3241,Peter Paul Rubens
922,Alexander Jansson,620,Alexander Jansson
923,Kelly Vivanco,1596,Kelly Vivanco
924,Kay Nielsen,439,Kay Nielsen
925,Giovanni Battista Gaulli,1866,Giovanni Battista Gaulli
926,Marc Samson,1318,Marc Samson
927,Joao Ruas,4056,Joao Ruas
928,Osamu Tezuka,1837,Osamu Tezuka
929,Bill Henson,2422,Bill Henson
930,Emil Alzamora,1985,Emil Alzamora
931,Jean Fouquet,3534,Jean Fouquet
932,Aaron Horkey,2856,Aaron Horkey
933,Umberto Boccioni,2122,Umberto Boccioni
934,Albert Bierstadt,87,Albert Bierstadt
935,Alejandro Burdisio,4343,Alejandro Burdisio
936,Luca Boni,924,Luca Boni
937,Fairfield Porter,713,Fairfield Porter
938,Julius Horsthuis,980,Julius Horsthuis
939,Horace Vernet,299,Horace Vernet
940,Angela Sung,206,Angela Sung
941,Jordan Grimmer,2536,Jordan Grimmer
942,Edwin Deakin,4904,Edwin Deakin
943,Kaws,2870,Kaws
944,Audrey Kawasaki,2572,Audrey Kawasaki
945,John Stezaker,1226,John Stezaker
946,Richard Hamilton,3765,Richard Hamilton
947,Jean Metzinger,4185,Jean Metzinger
948,Anto Carte,107,Anto Carte
949,Sam Bosma,413,Sam Bosma
950,Chen Zhen,2513,Chen Zhen
951,Mike Deodato,2498,Mike Deodato
952,Ellen Gallagher,1758,Ellen Gallagher
953,David Wiesner,2845,David Wiesner
954,Brothers Grimm,3522,Brothers Grimm
955,John Atkinson Grimshaw,4301,John Atkinson Grimshaw
956,Jim Burns,2552,Jim Burns
957,Sherree Valentine Daines,135,Sherree Valentine Daines
958,Greg Girard,2803,Greg Girard
959,John Philip Falter,4691,John Philip Falter
960,Ken Kelly,1118,Ken Kelly
961,Steve Lieber,4468,Steve Lieber
962,Stuart Davis,1184,Stuart Davis
963,Jamie Hawkesworth,551,Jamie Hawkesworth
964,Botero,4265,Botero
965,Charles Spencelayh,784,Charles Spencelayh
966,Richard Eurich,1526,Richard Eurich
967,Dave McKean,2893,Dave McKean
968,Leon Kossoff,1770,Leon Kossoff
969,Gifford Beal,3521,Gifford Beal
970,L. Birge Harrison,3856,L. Birge Harrison
971,Bill Brandt,2627,Bill Brandt
972,Derek Boshier,201,Derek Boshier
973,Moebius,1096,Moebius
974,Bhupen Khakhar,337,Bhupen Khakhar
975,Giuseppe Arcimboldo,3067,Giuseppe Arcimboldo
976,Anja Millen,3275,Anja Millen
977,Ann Stookey,4432,Ann Stookey
978,Lee Quinones,240,Lee Quinones
979,Ernie Barnes,1639,Ernie Barnes
980,Junji Ito,1507,Junji Ito
981,Alfred Augustus Glendening,3461,Alfred Augustus Glendening
982,Arthur Sarnoff,4159,Arthur Sarnoff
983,Gloria Stoll Karn,490,Gloria Stoll Karn
984,Alma Thomas,3403,Alma Thomas
985,Artus Scheiner,3658,Artus Scheiner
986,John Totleben,4478,John Totleben
987,Frank Holl,4990,Frank Holl
988,Ed Mell,4160,Ed Mell
989,Jeff Wall,2285,Jeff Wall
990,Emory Douglas,489,Emory Douglas
991,Jeanloup Sieff,976,Jeanloup Sieff
992,H. R. (Hans Ruedi) Giger,4506,H. R. (Hans Ruedi) Giger
993,Eleanor Vere Boyle,51,Eleanor Vere Boyle
994,James Stokoe,1070,James Stokoe
995,Bruce Pennington,4042,Bruce Pennington
996,Victo Ngai,133,Victo Ngai
997,Wadim Kashin,117,Wadim Kashin
998,Teresa Ramos,2054,Teresa Ramos
999,Albert Kotin,4010,Albert Kotin
1000,Gustave Buchet,4406,Gustave Buchet
1001,Helene Knoop,2107,Helene Knoop
1002,Jean-Michel Basquiat,2183,Jean-Michel Basquiat
1003,Alex Grey,4565,Alex Grey
1004,Janek Sedlar,3686,Janek Sedlar
1005,Peter Zumthor,3950,Peter Zumthor
1006,Robert Crumb,1326,Robert Crumb
1007,Leonid Afremov,4469,Leonid Afremov
1008,Jaya Suberg,922,Jaya Suberg
1009,Yves Klein,3090,Yves Klein
1010,David Burdeny,1267,David Burdeny
1011,Keith Parkinson,1730,Keith Parkinson
1012,Yohann Schepacz,4628,Yohann Schepacz
1013,Afarin Sajedi,2283,Afarin Sajedi
1014,Fernando Herenu,4091,Fernando Herenu
1015,Daniela Uhlig,501,Daniela Uhlig
1016,Angus McKie,135,Angus McKie
1017,Arthur Streeton,1533,Arthur Streeton
1018,Shin Jeongho,1539,Shin Jeongho
1019,Mikhail Vrubel,1632,Mikhail Vrubel
1020,Darren Bacon,4889,Darren Bacon
1021,Georg Karl Pfahler,1766,Georg Karl Pfahler
1022,Katsushika Hokusai,1356,Katsushika Hokusai
1023,Jean Auguste Dominique Ingres,160,Jean Auguste Dominique Ingres
1024,Gabriele Münter,257,Gabriele Münter
1025,Ambrosius Benson,3786,Ambrosius Benson
1026,David Teniers the Younger,3910,David Teniers the Younger
1027,Mark Arian,1167,Mark Arian
1028,Man Ray,3326,Man Ray
1029,Tom Lovell,4048,Tom Lovell
1030,Joe Jusko,2112,Joe Jusko
1031,Martin Johnson Heade,1291,Martin Johnson Heade
1032,Antonio Donghi,4166,Antonio Donghi
1033,Jeff Goldblum,3021,Jeff Goldblum
1034,Kelly Sue Deconnick,814,Kelly Sue Deconnick
1035,William Eggleston,3571,William Eggleston
1036,Raymond Duchamp-Villon,4311,Raymond Duchamp-Villon
1037,Ettore Tito,806,Ettore Tito
1038,Anders Zorn,1699,Anders Zorn
1039,Amedeo Modigliani,4934,Amedeo Modigliani
1040,Saul Bass,729,Saul Bass
1041,Oskar Fischinger,3127,Oskar Fischinger
1042,Alexandre Jacovleff,578,Alexandre Jacovleff
1043,William Zorach,1738,William Zorach
1044,John Martin,1681,John Martin
1045,Tom Roberts,4155,Tom Roberts
1046,Charles Camoin,2265,Charles Camoin
1047,Dain Yoon,3309,Dain Yoon
1048,Etienne Hebinger,2582,Etienne Hebinger
1049,James Turrell,917,James Turrell
1050,Hans Arnold,1434,Hans Arnold
1051,Brett Whiteley,3378,Brett Whiteley
1052,Sandro Botticelli,4481,Sandro Botticelli
1053,Hilma AF Klint,3888,Hilma AF Klint
1054,Utagawa Hiroshige,3929,Utagawa Hiroshige
1055,Itō Jakuchū,3352,Itō Jakuchū
1056,Bernard Buffet,3317,Bernard Buffet
1057,Artur Bordalo,2366,Artur Bordalo
1058,Makoto Shinkai,1645,Makoto Shinkai
1059,Michal Lisowski,397,Michal Lisowski
1060,Jillian Tamaki,3011,Jillian Tamaki
1061,Abdel Hadi Al Gazzar,1933,Abdel Hadi Al Gazzar
1062,Robert Mcginnis,2272,Robert Mcginnis
1063,Incarcerated Jerkfaces,1698,Incarcerated Jerkfaces
1064,Eugene Delacroix,3061,Eugene Delacroix
1065,Jackson Pollock,3247,Jackson Pollock
1066,Théodore Géricault,3029,Théodore Géricault
1067,Winslow Homer,2381,Winslow Homer
1068,Bruce Nauman,2599,Bruce Nauman
1069,Thomas Benjamin Kennington,3100,Thomas Benjamin Kennington
1070,Christophe Vacher,1099,Christophe Vacher
1071,Jane Graverol,182,Jane Graverol
1072,Jessica Rossier,2204,Jessica Rossier
1073,Anne Truitt,4173,Anne Truitt
1074,Carmen Saldana,4694,Carmen Saldana
1075,August Macke,1403,August Macke
1076,Klaus Burgle,2644,Klaus Burgle
1077,Scarlett Hooft Graafland,1149,Scarlett Hooft Graafland
1078,John Whitcomb,194,John Whitcomb
1079,John Kenn Mortensen,4712,John Kenn Mortensen
1080,Adam Martinakis,401,Adam Martinakis
1081,Andrey Remnev,3251,Andrey Remnev
1082,Kieron Gillen,4859,Kieron Gillen
1083,George Dionysus Ehret,4550,George Dionysus Ehret
1084,Gerhard Richter,4530,Gerhard Richter
1085,Robert Neubecker,4418,Robert Neubecker
1086,Stevan Dohanos,1823,Stevan Dohanos
1087,Carl Gustav Carus,1685,Carl Gustav Carus
1088,Bo Bartlett,3218,Bo Bartlett
1089,Paul Lehr,4006,Paul Lehr
1090,Hugh Ferriss,200,Hugh Ferriss
1091,Alfred Stevens,388,Alfred Stevens
1092,Viviane Sassen,1903,Viviane Sassen
1093,Keith Haring,4016,Keith Haring
1094,Nathan Coley,3968,Nathan Coley
1095,Margaret Mee,2684,Margaret Mee
1096,Józef Mehoffer,1539,Józef Mehoffer
1097,Duy Huynh,4953,Duy Huynh
1098,Sheilah Beckett,1028,Sheilah Beckett
1099,Antonio Mancini,306,Antonio Mancini
1100,Chris Foss,1996,Chris Foss
1101,Barnett Newman,4505,Barnett Newman
1102,Johfra Bosschart,2580,Johfra Bosschart
1103,Ian Miller,2053,Ian Miller
1104,Eddie Mendoza,2066,Eddie Mendoza
1105,Alberto Sughi,3205,Alberto Sughi
1106,Jenny Saville,821,Jenny Saville
1107,Charles Schulz,2086,Charles Schulz
1108,Jacob van Ruisdael,1884,Jacob van Ruisdael
1109,Sam Spratt,1360,Sam Spratt
1110,Sven Nordqvist,157,Sven Nordqvist
1111,Lisa Frank,3964,Lisa Frank
1112,Michael Parkes,539,Michael Parkes
1113,Victoria Crowe,1643,Victoria Crowe
1114,Henri De Toulouse Lautrec,335,Henri De Toulouse Lautrec
1115,Karol Bak,1653,Karol Bak
1116,Hans Baluschek,1932,Hans Baluschek
1117,Tracey Emin,832,Tracey Emin
1118,Hajime Sorayama,2784,Hajime Sorayama
1119,Gaetano Pesce,836,Gaetano Pesce
1120,Loretta Lux,2445,Loretta Lux
1121,Steven Belledin,3988,Steven Belledin
1122,Santiago Caruso,3439,Santiago Caruso
1123,Kobayashi Kiyochika,2054,Kobayashi Kiyochika
1124,Casey Weldon,2094,Casey Weldon
1125,Ayami Kojima,4865,Ayami Kojima
1126,Walter Crane,4549,Walter Crane
1127,Steve Ditko,1604,Steve Ditko
1128,Arthur Wardle,3045,Arthur Wardle
1129,Lorenz Hideyoshi,3151,Lorenz Hideyoshi
1130,Christian Dimitrov,2457,Christian Dimitrov
1131,Maria Kreyn,1136,Maria Kreyn
1132,Boris Groh,2066,Boris Groh
1133,Chantal Joffe,2191,Chantal Joffe
1134,Jean-Louis Prevost,3354,Jean-Louis Prevost
1135,Hieronymus Bosch,752,Hieronymus Bosch
1136,Will Barnet,739,Will Barnet
1137,Johannes Voss,4684,Johannes Voss
1138,Stephen Oakley,3226,Stephen Oakley
1139,Dora Carrington,1397,Dora Carrington
1140,Carlos Schwabe,3634,Carlos Schwabe
1141,Méret Oppenheim,3335,Méret Oppenheim
1142,Ettore Sottsass,1055,Ettore Sottsass
1143,James Ensor,598,James Ensor
1144,Guillermo del Toro,4586,Guillermo del Toro
1145,Arthur Rackham,2852,Arthur Rackham
1146,Amandine Van Ray,2481,Amandine Van Ray
1147,Bruce Timm,2090,Bruce Timm
1148,Sir James Guthrie,1082,Sir James Guthrie
1149,Chris Claremont,605,Chris Claremont
1150,Warwick Globe,1708,Warwick Globe
1151,Seb Mckinnon,1060,Seb Mckinnon
1152,Kuno Veeber,2690,Kuno Veeber
1153,Anton Corbijn,2252,Anton Corbijn
1154,Étienne-Louis Boullée,3668,Étienne-Louis Boullée
1155,Konstantin Yuon,2961,Konstantin Yuon
1156,John Bratby,2280,John Bratby
1157,Albert Eckhout,2967,Albert Eckhout
1158,John Salminen,2440,John Salminen
1159,Uemura Shoen,801,Uemura Shoen
1160,Andrew Macara,458,Andrew Macara
1161,Joe Bowler,2696,Joe Bowler
1162,Albert Joseph Moore,4127,Albert Joseph Moore
1163,Andrew Whem,4355,Andrew Whem
1164,Sydney Edmunds,3708,Sydney Edmunds
1165,Mikhail Nesterov,3897,Mikhail Nesterov
1166,Kawanabe Kyōsai,657,Kawanabe Kyōsai
1167,Aaron Douglas,3372,Aaron Douglas
1168,Bill Durgin,1833,Bill Durgin
1169,Alison Bechdel,2178,Alison Bechdel
1170,Alberto Seveso,534,Alberto Seveso
1171,Ni Chuanjing,3150,Ni Chuanjing
1172,Andrei Markin,1316,Andrei Markin
1173,Jack Davis,963,Jack Davis
1174,Worthington Whittredge,1442,Worthington Whittredge
1175,Bess Hamiti,4961,Bess Hamiti
1176,Tim White,45,Tim White
1177,Barbara Takenaga,859,Barbara Takenaga
1178,Olivier Valsecchi,4704,Olivier Valsecchi
1179,Gerda Wegener,3062,Gerda Wegener
1180,Aristide Maillol,917,Aristide Maillol
1181,Aries Moross,4988,Aries Moross
1182,Frank Gehry,2298,Frank Gehry
1183,Issac Levitan,2634,Issac Levitan
1184,Julia Contacessi,3609,Julia Contacessi
1185,Amadou Opa Bathily,4333,Amadou Opa Bathily
1186,Alex Andreev,4700,Alex Andreev
1187,William Henry Hunt,1465,William Henry Hunt
1188,Annick Bouvattier,3390,Annick Bouvattier
1189,Paul Laffoley,3155,Paul Laffoley
1190,Jon Whitcomb,2484,Jon Whitcomb
1191,Cyril Rolando,913,Cyril Rolando
1192,Vivienne Westwood,1686,Vivienne Westwood
1193,Vincent Di Fate,121,Vincent Di Fate
1194,Reginald Marsh,4763,Reginald Marsh
1195,Tyler Shields,229,Tyler Shields
1196,Paul Strand,1533,Paul Strand
1197,Katsuhiro Otomo,4487,Katsuhiro Otomo
1198,Edward Robert Hughes,26,Edward Robert Hughes
1199,Lyubov Popova,1466,Lyubov Popova
1200,Raphaelle Peale,2558,Raphaelle Peale
1201,Hale Woodruff,4878,Hale Woodruff
1202,Kentaro Miura,3897,Kentaro Miura
1203,Marie Spartali Stillman,1512,Marie Spartali Stillman
1204,Pablo Picasso,1444,Pablo Picasso
1205,Yiannis Moralis,1814,Yiannis Moralis
1206,John Singleton Copley,1074,John Singleton Copley
1207,Diego Velázquez,3473,Diego Velázquez
1208,Fabio Hurtado,4060,Fabio Hurtado
1209,Kent Monkman,371,Kent Monkman
1210,A.J.Casson,3341,A.J.Casson
1211,Arkhyp Kuindzhi,3167,Arkhyp Kuindzhi
1212,Abram Efimovich Arkhipov,342,Abram Efimovich Arkhipov
1213,Bill Medcalf,1109,Bill Medcalf
1214,Jim Lee,1585,Jim Lee
1215,Gilbert Stuart,1234,Gilbert Stuart
1216,Phil Foglio,4608,Phil Foglio
1217,W. Heath Robinson,3236,W. Heath Robinson
1218,Josef Albers,869,Josef Albers
1219,Alexander Archipenko,3097,Alexander Archipenko
1220,Gaston Bussière,2025,Gaston Bussière
1221,Frederic Remington,4737,Frederic Remington
1222,Johannes Itten,2182,Johannes Itten
1223,Anato Finnstark,2420,Anato Finnstark
1224,Albrecht Anker,1044,Albrecht Anker
1225,J.M.W. Turner,2030,J.M.W. Turner
1226,Ilya Kuvshinov,4436,Ilya Kuvshinov
1227,Alexander Milne Calder,4262,Alexander Milne Calder
1228,Pixar Concept Artists,3457,Pixar Concept Artists
1229,Gustave Moreau,2267,Gustave Moreau
1230,Rolf Armstrong,1269,Rolf Armstrong
1231,Butcher Billy,1843,Butcher Billy
1232,Andre-Charles Boulle,2492,Andre-Charles Boulle
1233,Francesca Woodman,580,Francesca Woodman
1234,Adolph Gottlieb,4420,Adolph Gottlieb
1235,Robert Williams,73,Robert Williams
1236,Paul Gauguin,4110,Paul Gauguin
1237,Franz Xaver Winterhalter,534,Franz Xaver Winterhalter
1238,Serge Marshennikov,553,Serge Marshennikov
1239,Louis Icart,4535,Louis Icart
1240,Francis Bacon,2541,Francis Bacon
1241,Cindy Sherman,4113,Cindy Sherman
1242,Michael Sowa,443,Michael Sowa
1243,Raymond Swanland,2124,Raymond Swanland
1244,Jan Pietersz Saenredam,3342,Jan Pietersz Saenredam
1245,Ferdinand Van Kessel,2203,Ferdinand Van Kessel
1246,Émile Gallé,2240,Émile Gallé
1247,Lois van Baarle,1560,Lois van Baarle
1248,Chiharu Shiota,3714,Chiharu Shiota
1249,Augustus John,2238,Augustus John
1250,Atey Ghailan,2448,Atey Ghailan
1251,Alexis Gritchenko,4041,Alexis Gritchenko
1252,Raphael,1180,Raphael
1253,Antonello da Messina,3933,Antonello da Messina
1254,Justin Gerard,1442,Justin Gerard
1255,Eero Saarinen,3437,Eero Saarinen
1256,Alexandre-Évariste Fragonard,3681,Alexandre-Évariste Fragonard
1257,Peter Howson,2577,Peter Howson
1258,Louis Glackens,4836,Louis Glackens
1259,John Atherton,836,John Atherton
1260,Chip Zdarsky,4639,Chip Zdarsky
1261,Andre Kertesz,93,Andre Kertesz
1262,Joan Miró,3636,Joan Miró
1263,Charles Vess,891,Charles Vess
1264,Matt Groening,1902,Matt Groening
1265,Alexander Kanoldt,3370,Alexander Kanoldt
1266,Alfred Parsons,4533,Alfred Parsons
1267,Albert Benois,1063,Albert Benois
1268,William Etty,4850,William Etty
1269,Charles Gwathmey,3220,Charles Gwathmey
1270,David Ligare,4629,David Ligare
1271,Michael Hutter,2375,Michael Hutter
1272,Alex Colville,2206,Alex Colville
1273,Guido Crepax,1839,Guido Crepax
1274,Annie Swynnerton,2376,Annie Swynnerton
1275,Milton Avery,3739,Milton Avery
1276,Anton Mauve,1083,Anton Mauve
1277,Galan Pang,1926,Galan Pang
1278,Richard Dadd,4907,Richard Dadd
1279,Philippe Druillet,3085,Philippe Druillet
1280,Cedric Peyravernay,634,Cedric Peyravernay
1281,Anton Fadeev,4961,Anton Fadeev
1282,Aubrey Beardsley,2156,Aubrey Beardsley
1283,Todd McFarlane,3794,Todd McFarlane
1284,Robert William Hume,778,Robert William Hume
1285,Bjarke Ingels,2259,Bjarke Ingels
1286,Bettina Rheims,4443,Bettina Rheims
1287,Jeremiah Ketner,5000,Jeremiah Ketner
1288,Eddie Campbell,3028,Eddie Campbell
1289,Jason Edmiston,4382,Jason Edmiston
1290,Allison Bechdel,3419,Allison Bechdel
1291,Luisa Russo,462,Luisa Russo
1292,Egon Schiele,1283,Egon Schiele
1293,Josh Keyes,1478,Josh Keyes
1294,Rich Davies,971,Rich Davies
1295,Hein Gorny,778,Hein Gorny
1296,Debbie Criswell,1988,Debbie Criswell
1297,Andre De Dienes,430,Andre De Dienes
1298,Patrick Heron,446,Patrick Heron
1299,Maurice Sendak,3129,Maurice Sendak
1300,Peter Holme III,2086,Peter Holme III
1301,Karel Appel,1629,Karel Appel
1302,Hugh Kretschmer,462,Hugh Kretschmer
1303,James Gurney,3420,James Gurney
1304,Art Fitzpatrick,4128,Art Fitzpatrick
1305,Jerzy Duda-Gracz,3352,Jerzy Duda-Gracz
1306,Robert S. Duncanson,4862,Robert S. Duncanson
1307,Lucy Madox Brown,3388,Lucy Madox Brown
1308,Mark Brooks,4320,Mark Brooks
1309,Coby Whitmore,903,Coby Whitmore
1310,Ed Binkley,4440,Ed Binkley
1311,Ando Fuchs,668,Ando Fuchs
1312,Viktoria Gavrilenko,195,Viktoria Gavrilenko
1313,Erin Hanson,1356,Erin Hanson
1314,Anne Sudworth,580,Anne Sudworth
1315,Matti Suuronen,1114,Matti Suuronen
1316,Adrianus Eversen,2946,Adrianus Eversen
1317,Hiroshi Nagai,199,Hiroshi Nagai
1318,Wolfgang Tillmans,545,Wolfgang Tillmans
1319,Nikolai Ge,4273,Nikolai Ge
1320,Joanna Kustra,2339,Joanna Kustra
1321,Kim Keever,535,Kim Keever
1322,Adolph Menzel,3573,Adolph Menzel
1323,Emily Kame Kngwarreye,1312,Emily Kame Kngwarreye
1324,Alberto Giacometti,1439,Alberto Giacometti
1325,Paolo Veronese,755,Paolo Veronese
1326,Conor Harrington,802,Conor Harrington
1327,Haddon Sundblom,2046,Haddon Sundblom
1328,Filippo Balbi,3789,Filippo Balbi
1329,Tara McPherson,620,Tara McPherson
1330,Edmund Leighton,4650,Edmund Leighton
1331,Posuka Demizu,2033,Posuka Demizu
1332,Brad Rigney,1249,Brad Rigney
1333,Giorgio De Chirico,4545,Giorgio De Chirico
1334,Miriam Schapiro,3892,Miriam Schapiro
1335,Karl Schmidt-Rottluff,800,Karl Schmidt-Rottluff
1336,Stan Lee,4698,Stan Lee
1337,Yayoi Kusama,554,Yayoi Kusama
1338,William Gropper,2042,William Gropper
1339,Terry Redlin,3388,Terry Redlin
1340,Christopher Jin Baron,3974,Christopher Jin Baron
1341,Stanley Donwood,519,Stanley Donwood
1342,Matthias Jung,1963,Matthias Jung
1343,Albert Gleizes,1317,Albert Gleizes
1344,Albert Robida,3738,Albert Robida
1345,Ephraim Moses Lilien,2827,Ephraim Moses Lilien
1346,Sydney Prior Hall,2143,Sydney Prior Hall
1347,Oleg Oprisco,3110,Oleg Oprisco
1348,Louis Janmot,4476,Louis Janmot
1349,Bernard Aubertin,1380,Bernard Aubertin
1350,Albert Lynch,4851,Albert Lynch
1351,John Frederick Kensett,1091,John Frederick Kensett
1352,Émile Bernard,409,Émile Bernard
1353,Howard Hodgkin,998,Howard Hodgkin
1354,Daniele Afferni,2976,Daniele Afferni
1355,Maxfield Parrish,2416,Maxfield Parrish
1356,Raymond Briggs,3154,Raymond Briggs
1357,Max Dupain,2515,Max Dupain
1358,Agostino Arrivabene,2454,Agostino Arrivabene
1359,Adrian Donoghue,4735,Adrian Donoghue
1360,Edmund Dulac,3161,Edmund Dulac
1361,Clarence Holbrook Carter,4133,Clarence Holbrook Carter
1362,Bob Eggleton,1966,Bob Eggleton
1363,Daniel Garber,4062,Daniel Garber
1364,Thomas Eakins,246,Thomas Eakins
1365,Arthur Tress,3331,Arthur Tress
1366,Thomas Kinkade,2998,Thomas Kinkade
1367,Margaret Macdonald Mackintosh,3095,Margaret Macdonald Mackintosh
1368,Sandra Chevrier,3501,Sandra Chevrier
1369,Abigail Larson,740,Abigail Larson
1370,Richard Deacon,3042,Richard Deacon
1371,Marjane Satrapi,3369,Marjane Satrapi
1372,Marat Latypov,1810,Marat Latypov
1373,Patricia Polacco,4069,Patricia Polacco
1374,Alex Ross,336,Alex Ross
1375,Constantin Brancusi,3,Constantin Brancusi
1376,Death Burger,3280,Death Burger
1377,Lucian Freud,1228,Lucian Freud
1378,Albrecht Durer,1112,Albrecht Durer
1379,Dariusz Zawadzki,462,Dariusz Zawadzki
1380,Joe De Mers,4138,Joe De Mers
1381,Herbert List,4947,Herbert List
1382,Faith 47,3502,Faith 47
1383,Shohei Otomo,1022,Shohei Otomo
1384,Georgia O’Keeffe,4540,Georgia O’Keeffe
1385,Barkley L. Hendricks,1994,Barkley L. Hendricks
1386,Edouard Riou,1407,Edouard Riou
1387,Alexander Bogen,1883,Alexander Bogen
1388,Nan Goldin,1276,Nan Goldin
1389,Chris Moore,3687,Chris Moore
1390,Annibale Carracci,960,Annibale Carracci
1391,Hervé Guibert,3911,Hervé Guibert
1392,Rick Guidice,1850,Rick Guidice
1393,Lorena Alvarez Gómez,4843,Lorena Alvarez Gómez
1394,Augustus Jansson,698,Augustus Jansson
1395,Chesley Bonestell,1381,Chesley Bonestell
1396,Antoni Gaudi,2754,Antoni Gaudi
1397,Giacomo Balla,2282,Giacomo Balla
1398,Nicolas Delort,4793,Nicolas Delort
1399,Alexandr Averin,336,Alexandr Averin
1400,Edvard Munch,2678,Edvard Munch
1401,Gjon Mili,20,Gjon Mili
1402,Arthur Radebaugh,1846,Arthur Radebaugh
1403,Kasia Nowowiejska,4335,Kasia Nowowiejska
1404,Piotr Jabłoński,694,Piotr Jabłoński
1405,Anton Raphael Mengs,2279,Anton Raphael Mengs
1406,Shaun Tan,1970,Shaun Tan
1407,Jeff Kinney,3585,Jeff Kinney
1408,Kate Beaton,1735,Kate Beaton
1409,Ismail Inceoglu,2825,Ismail Inceoglu
1410,Greg Hildebrandt,3798,Greg Hildebrandt
1411,Conrad Roset,1101,Conrad Roset
1412,Shaddy Safadi,2574,Shaddy Safadi
1413,Mikalojus Konstantinas Ciurlionis,1391,Mikalojus Konstantinas Ciurlionis
1414,Masamune Shirow,3879,Masamune Shirow
1415,Milton Caniff,4878,Milton Caniff
1416,John Harris,3503,John Harris
1417,Josh Kao,1697,Josh Kao
1418,Alfred Eisenstaedt,2963,Alfred Eisenstaedt
1419,Jean-François Millet,4066,Jean-François Millet
1420,Hal Foster,4439,Hal Foster
1421,Stuart Immonen,358,Stuart Immonen
1422,Lesley Vance,2909,Lesley Vance
1423,Bertil Nilsson,1535,Bertil Nilsson
1424,Roberto Ferri,4319,Roberto Ferri
1425,Tom Whalen,4482,Tom Whalen
1426,Bill Viola,4204,Bill Viola
1427,Sam Kieth,508,Sam Kieth
1428,Andrea Kowch,2222,Andrea Kowch
1429,Pawel Kuczynski,3024,Pawel Kuczynski
1430,Ethan Van Sciver,4223,Ethan Van Sciver
1431,Andrew Robinson,142,Andrew Robinson
1432,Bill Ward,3225,Bill Ward
1433,Anna Razumovskaya,2490,Anna Razumovskaya
1434,Roberto Parada,4816,Roberto Parada
1435,Gareth Pugh,4474,Gareth Pugh
1436,Art Spiegelman,81,Art Spiegelman
1437,Raymond Leech,3289,Raymond Leech
1438,Michelangelo Merisi Da Caravaggio,1807,Michelangelo Merisi Da Caravaggio
1439,Carlo Crivelli,1265,Carlo Crivelli
1440,Ben Shahn,720,Ben Shahn
1441,Joel Meyerowitz,4329,Joel Meyerowitz
1442,Studio Ghibli,3772,Studio Ghibli
1443,Jeremy Lipking,4103,Jeremy Lipking
1444,Giovanni Battista Piranesi,1359,Giovanni Battista Piranesi
1445,Hannah Hoch,747,Hannah Hoch
1446,Gary Larson,2408,Gary Larson
1447,Andreas Achenbach,2609,Andreas Achenbach
1448,Brian Bolland,4684,Brian Bolland
1449,Coles Phillips,2234,Coles Phillips
1450,Walt Disney,3196,Walt Disney
1451,Jan Luyken,3755,Jan Luyken
1452,Charlie Bowater,2068,Charlie Bowater
1453,Jan Van Eyck,4431,Jan Van Eyck
1454,Patrice Murciano,4620,Patrice Murciano
1455,Jeffrey Catherine Jones,1263,Jeffrey Catherine Jones
1456,Atelier Olschinsky,4173,Atelier Olschinsky
1457,Jacek Yerka,2600,Jacek Yerka
1458,Cory Arcangel,1030,Cory Arcangel
1459,Peter Bagge,2848,Peter Bagge
1460,David Inshaw,4627,David Inshaw
1461,Zaha Hadid,560,Zaha Hadid
1462,Robert Stivers,4243,Robert Stivers
1463,Dora Maar,2242,Dora Maar
1464,Mark Ryden,516,Mark Ryden
1465,Arshile Gorky,205,Arshile Gorky
1466,Marc Simonetti,69,Marc Simonetti
1467,Louis Wain,3256,Louis Wain
1468,Ramon Casas,3205,Ramon Casas
1469,Ivan Shishkin,4352,Ivan Shishkin
1470,Tamara Lempicka,3928,Tamara Lempicka
1471,Mickalene Thomas,2494,Mickalene Thomas
1472,Emil Nolde,2818,Emil Nolde
1473,Adam Hughes,1945,Adam Hughes
1474,Bruno Walpoth,3107,Bruno Walpoth
1475,Andreas Gursky,4048,Andreas Gursky
1476,Leiji Matsumoto,4242,Leiji Matsumoto
1477,W.W. Denslow,4396,W.W. Denslow
1478,Bruno Catalano,1635,Bruno Catalano
1479,Elliot Lilly,4943,Elliot Lilly
1480,Zanele Muholi,1094,Zanele Muholi
1481,Peter Sculthorpe,1966,Peter Sculthorpe
1482,Paul Corfield,4046,Paul Corfield
1483,David Driskell,1476,David Driskell
1484,Ben Quilty,2663,Ben Quilty
1485,Ed Roth,4338,Ed Roth
1486,Ben Goossens,273,Ben Goossens
1487,Inio Asano,3709,Inio Asano
1488,Axel Törneman,334,Axel Törneman
1489,Albert Pinkham Ryder,2139,Albert Pinkham Ryder
1490,Toshiharu Mizutani,646,Toshiharu Mizutani
1491,Naomi Okubo,4658,Naomi Okubo
1492,Bill Sienkiewicz,2792,Bill Sienkiewicz
1493,Mandy Disher,2111,Mandy Disher
1494,Francis Coates Jones,4112,Francis Coates Jones
1495,Louis Comfort Tiffany,2602,Louis Comfort Tiffany
1496,Toumas Korpi,2158,Toumas Korpi
1497,Gediminas Pranckevicius,779,Gediminas Pranckevicius
1498,Amy Earles,3082,Amy Earles
1499,Colin Geller,359,Colin Geller
1500,Naoki Urasawa,4739,Naoki Urasawa
1501,Max Ernst,1513,Max Ernst
1502,Hendrik Kerstens,3246,Hendrik Kerstens
1503,Nikolina Petolas,1316,Nikolina Petolas
1504,Emmanuel Shiu,1648,Emmanuel Shiu
1505,Henry Asencio,2276,Henry Asencio
1506,Edward Lear,2083,Edward Lear
1507,William Wegman,2018,William Wegman
1508,Apollonia Saintclair,4163,Apollonia Saintclair
1509,Craola,198,Craola
1510,Mao Hamaguchi,688,Mao Hamaguchi
1511,Jon Klassen,2685,Jon Klassen
1512,John William Waterhouse,1726,John William Waterhouse
1513,Joan Tuset,3285,Joan Tuset
1514,Roberto Matta,1594,Roberto Matta
1515,Shawn Coss,1291,Shawn Coss
1516,Ray Donley,878,Ray Donley
1517,Alvaro Siza,2011,Alvaro Siza
1518,Naoko Takeuchi,2993,Naoko Takeuchi
1519,Ansel Adams,562,Ansel Adams
1520,Isaac Levitan,2801,Isaac Levitan
1521,Travis Louie,470,Travis Louie
1522,Ewald Rübsamen,867,Ewald Rübsamen
1523,Christopher Balaskas,3839,Christopher Balaskas
1524,Leonardo Da Vinci,3379,Leonardo Da Vinci
1525,Steve McCurry,1864,Steve McCurry
1526,Edward John Poynter,3436,Edward John Poynter
1527,Hendrick Goltzius,2476,Hendrick Goltzius
1528,Noriyoshi Ohrai,4104,Noriyoshi Ohrai
1529,Alfred Kubin,3598,Alfred Kubin
1530,Peter Andrew Jones,1417,Peter Andrew Jones
1531,David Spriggs,2482,David Spriggs
1532,Neil Welliver,2719,Neil Welliver
1533,Ron Walotsky,209,Ron Walotsky
1534,Anthony van Dyck,1320,Anthony van Dyck
1535,Yaacov Agam,4490,Yaacov Agam
1536,Al Williamson,1122,Al Williamson
1537,Allie Brosh,3621,Allie Brosh
1538,José Clemente Orozco,1494,José Clemente Orozco
1539,Alex Katz,1441,Alex Katz
1540,Anne Dewailly,2351,Anne Dewailly
1541,Yoshitaka Amano,585,Yoshitaka Amano
1542,Alexei Harlamoff,4470,Alexei Harlamoff
1543,Tintoretto,2430,Tintoretto
1544,Ivan Albright,2991,Ivan Albright
1545,Yuumei,2571,Yuumei
1546,Arthur Hughes,1851,Arthur Hughes
1547,Ayan Nag,2278,Ayan Nag
1548,Helene Schjerfbeck,2942,Helene Schjerfbeck
1549,Sarah Lucas,2517,Sarah Lucas
1550,Hayao Miyazaki,3092,Hayao Miyazaki
1551,Basil Gogos,3230,Basil Gogos
1552,James Abbott McNeill Whistler,3447,James Abbott McNeill Whistler
1553,Ida Rentoul Outhwaite,357,Ida Rentoul Outhwaite
1554,Brandon Woelfel,3467,Brandon Woelfel
1555,Quentin Blake,3970,Quentin Blake
1556,Helio Oiticica,1706,Helio Oiticica
1557,Tomma Abts,821,Tomma Abts
1558,Alberto Burri,1405,Alberto Burri
1559,Gustaf Tenggren,767,Gustaf Tenggren
1560,Alice Pasquini,2618,Alice Pasquini
1561,Anselm Kiefer,4822,Anselm Kiefer
1562,Brenda Zlamany,249,Brenda Zlamany
1563,Anthony Gerace,720,Anthony Gerace
1564,Alexandre Cabanel,773,Alexandre Cabanel
1565,Go Nagai,1918,Go Nagai
1566,Alphonse Osbert,4970,Alphonse Osbert
1567,Geof Darrow,4067,Geof Darrow
1568,Bill Jacklin,2865,Bill Jacklin
1569,Patrick Caulfield,2340,Patrick Caulfield
1570,Ed Emshwiller,1633,Ed Emshwiller
1571,Amedee Ozenfant,3668,Amedee Ozenfant
1572,Margaux Valonia,1303,Margaux Valonia
1573,Fabian Perez,832,Fabian Perez
1574,Alberto Magnelli,4915,Alberto Magnelli
1575,Barry Windsor Smith,1918,Barry Windsor Smith
1576,Amy Judd,2916,Amy Judd
1577,Sangyeob Park,3508,Sangyeob Park
1578,Ted Nasmith,4276,Ted Nasmith
1579,Simon Stalenhag,2285,Simon Stalenhag
1580,Dave Dorman,3121,Dave Dorman
1581,Zhelong Xu,3113,Zhelong Xu
1582,Canaletto,4284,Canaletto
1583,RHADS,819,RHADS
1584,Brian Despain,1786,Brian Despain
1585,Paul Delvaux,4715,Paul Delvaux
1586,Ben Templesmith,850,Ben Templesmith
1587,Mati Klarwein,1949,Mati Klarwein
1588,Clara Peeters,1290,Clara Peeters
1589,Joseph Stella,1409,Joseph Stella
1590,Ben Nicholson,638,Ben Nicholson
1591,Ellen Jewett,3431,Ellen Jewett
1592,Saturno Butto,3244,Saturno Butto
1593,Margaret Brundage,4191,Margaret Brundage
1594,Brice Marden,379,Brice Marden
1595,Laurie Greasley,2257,Laurie Greasley
1596,Hans Bellmer,1090,Hans Bellmer
1597,Ashley Willerton,4852,Ashley Willerton
1598,Karen Wallis,4288,Karen Wallis
1599,Giovanni Battista Venanzi,1177,Giovanni Battista Venanzi
1600,Ferdinand Hodler,1443,Ferdinand Hodler
1601,Pascale Campion,1238,Pascale Campion
1602,Peter Milligan,2837,Peter Milligan
1603,Vladimir Kush,939,Vladimir Kush
1604,Giuseppe de Nittis,1596,Giuseppe de Nittis
1605,Franz Sedlacek,1646,Franz Sedlacek
1606,Rembrandt Van Rijn,2734,Rembrandt Van Rijn
1607,Karel Thole,2284,Karel Thole
1608,William Stout,4070,William Stout
1609,Henry Raleigh,427,Henry Raleigh
1610,Barbara Kruger,1199,Barbara Kruger
1611,Bob Ross,173,Bob Ross
1612,Alan Bean,2345,Alan Bean
1613,Naoto Hattori,1880,Naoto Hattori
1614,Paul Wonner,1634,Paul Wonner
1615,Hiroshi Sugimoto,3343,Hiroshi Sugimoto
1616,Norman Foster,4965,Norman Foster
1617,Rebeca Saray,4935,Rebeca Saray
1618,Martin Kippenberger,4432,Martin Kippenberger
1619,George Grosz,4671,George Grosz
1620,August Friedrich Schenck,4744,August Friedrich Schenck
1621,Jasper Johns,1294,Jasper Johns
1622,Nick Silva,1559,Nick Silva
1623,Abbott Handerson Thayer,4806,Abbott Handerson Thayer
1624,John Blanche,2604,John Blanche
1625,James Thomas Watts,3482,James Thomas Watts
1626,Aleksi Briclot,1123,Aleksi Briclot
1627,Remedios Varo,1716,Remedios Varo
1628,Rene Magritte,1132,Rene Magritte
1629,Marsden Hartley,1330,Marsden Hartley
1630,Eyvind Earle,1570,Eyvind Earle
1631,Saul Steinberg,3146,Saul Steinberg
1632,Olafur Eliasson,2888,Olafur Eliasson
1633,Chad Knight,1,Chad Knight
1634,Bastien Lecouffe-Deharme,1182,Bastien Lecouffe-Deharme
1635,Jack Butler Yeats,2820,Jack Butler Yeats
1636,Willem de Kooning,929,Willem de Kooning
1637,Thomas Blackshear,2296,Thomas Blackshear
1638,Brent Heighton,4442,Brent Heighton
1639,Nicolas Mignard,3645,Nicolas Mignard
1640,Reylia Slaby,4735,Reylia Slaby
1641,Tove Jansson,2858,Tove Jansson
1642,Salomon van Ruysdael,1469,Salomon van Ruysdael
1643,Yoshiyuki Tomino,178,Yoshiyuki Tomino
1644,Qing Han,494,Qing Han
1645,Yasutomo Oka,4648,Yasutomo Oka
1646,Briana Mora,2241,Briana Mora
1647,Alvar Aalto,92,Alvar Aalto
1648,Richard Doyle,1317,Richard Doyle
1649,August von Pettenkofen,2844,August von Pettenkofen
1650,Sally Mann,973,Sally Mann
1651,Tom Hammick,4366,Tom Hammick
1652,George Cruikshank,4429,George Cruikshank
1653,Anne Mccaffrey,817,Anne Mccaffrey
1654,Richard S. Johnson,2734,Richard S. Johnson
1655,Larry Poons,3893,Larry Poons
1656,Ruth Bernhard,553,Ruth Bernhard
1657,Silvestro Lega,3966,Silvestro Lega
1658,Zhang Kechun,3253,Zhang Kechun
1659,Milo Manara,2468,Milo Manara
1660,Leonetto Cappiello,3912,Leonetto Cappiello
1661,Wim Crouwel,2554,Wim Crouwel
1662,Dmitry Kustanovich,1031,Dmitry Kustanovich
1663,Kaethe Butcher,2378,Kaethe Butcher
1664,Kazuo Koike,2293,Kazuo Koike
1665,Friedensreich Regentag,91,Friedensreich Regentag
1666,Adrian Smith,2684,Adrian Smith
1667,Stephen Gammell,3990,Stephen Gammell
1668,Hyacinthe Rigaud,1245,Hyacinthe Rigaud
1669,Henry Ossawa Tanner,187,Henry Ossawa Tanner
1670,Simeon Solomon,3047,Simeon Solomon
1671,Dustin Nguyen,3619,Dustin Nguyen
1672,Chris Saunders,2118,Chris Saunders
1673,Berend Strik,2216,Berend Strik
1674,William-Adolphe Bouguereau,1589,William-Adolphe Bouguereau
1675,Wes Anderson,963,Wes Anderson
1676,Mort Kunstler,4123,Mort Kunstler
1677,Henry Fuseli,1860,Henry Fuseli
1678,Yinka Shonibare,926,Yinka Shonibare
1679,Caspar David Friedrich,4252,Caspar David Friedrich
1680,Dean Cornwell,16,Dean Cornwell
1681,Andreas Franke,2063,Andreas Franke
1682,Jeremy Mann,447,Jeremy Mann
1683,George Frederic Watts,3065,George Frederic Watts
1684,Leticia Gillett,3949,Leticia Gillett
1685,Anish Kapoor,3818,Anish Kapoor
1686,Joseph Lorusso,4012,Joseph Lorusso
1687,Haroon Mirza,3069,Haroon Mirza
1688,Kurzgesagt,3794,Kurzgesagt
1689,Arthur Hacker,466,Arthur Hacker
1690,Phil Jimenez,1960,Phil Jimenez
1691,Christian Grajewski,2257,Christian Grajewski
1692,George Herriman,3253,George Herriman
1693,Lynda Barry,4714,Lynda Barry
1694,Andy Warhol,2915,Andy Warhol
1695,Aron Wiesenfeld,4238,Aron Wiesenfeld
1696,David A. Hardy,4179,David A. Hardy
1697,Jean Nouvel,2562,Jean Nouvel
1698,Sanford Kossin,3834,Sanford Kossin
1699,Helen Frankenthaler,3248,Helen Frankenthaler
1700,Yue Minjun,1743,Yue Minjun
1701,Hendrick Cornelisz Vroom,762,Hendrick Cornelisz Vroom
1702,Peter De Seve,3814,Peter De Seve
1703,Henriette Grindat,1697,Henriette Grindat
1704,Bert Hardy,2001,Bert Hardy
1705,Android Jones,1319,Android Jones
1706,C. R. W. Nevinson,1118,C. R. W. Nevinson
1707,Tatsuro Kiuchi,481,Tatsuro Kiuchi
1708,Harold McCauley,1566,Harold McCauley
1709,Brett Weston,3290,Brett Weston
1710,Alessandro Allori,4841,Alessandro Allori
1711,Ogawa Kazumasa,4969,Ogawa Kazumasa
1712,Paul Ranson,2120,Paul Ranson
1713,Simon Birch,1612,Simon Birch
1714,Alexander Millar,748,Alexander Millar
1715,Ernst Haeckel,4722,Ernst Haeckel
1716,Victor Brauner,4970,Victor Brauner
1717,Squeak Carnwath,255,Squeak Carnwath
1718,Mark Rothko,1597,Mark Rothko
1719,Saul Tepper,1652,Saul Tepper
1720,Konstantin Korovin,4693,Konstantin Korovin
1721,Jan Brett,1518,Jan Brett
1722,Sidney Nolan,3239,Sidney Nolan
1723,Francis Picabia,869,Francis Picabia
1724,John Currin,3516,John Currin
1725,Pieter de Hooch,4111,Pieter de Hooch
1726,Gustave Van de Woestijne,125,Gustave Van de Woestijne
1727,Ravi Zupa,4227,Ravi Zupa
1728,Guido Borelli Da Caluso,3272,Guido Borelli Da Caluso
1729,Pierre-Auguste Renoir,4134,Pierre-Auguste Renoir
1730,Tex Avery,760,Tex Avery
1731,Oskar Kokoschka,4462,Oskar Kokoschka
1732,Jake Parker,3040,Jake Parker
1733,Kati Horna,2297,Kati Horna
